Title Number,Title Name
Title 1,Write
Title 2,Practice
Title 3,Premium
Title 4,Jobs
Title 5,The Ultimate Beginner’s Guide For DSA
Title 6,Best PHP Frameworks For Web Development
Title 7,Python Program to Convert String to an Integer
Title 8,Support Vector Machine (SVM) Implementation in Machine Learning
Title 9,C++ Program to Convert Octal Number to Decimal and vice-versa
Title 10,Boundary Fill Algorithm in Computer Graphics
Title 11,Relative Sorting | SDE Sheet | Hashing
Title 12,C Program to Find Roots of a Quadratic Equation
Title 13,"Build a Rock, Paper, Scissors Game in Android"
Title 14,Python Program to Check if a Year is Leap Year or not
Title 15,Zero Sum Subarrays | SDE Sheet | Hashing
Title 16,How to Plot 2D Heatmap using Matplotlib in Python
Title 17,Make two numbers equal in at most K steps dividing by their factor
Title 18,Travelling Salesman Problem (TSP) using Reduced Matrix Method
Title 19,How to iterate a Multidimensional Array?
Title 20,Why and when to use Stack or Queue instead of Arrays/Lists?
Title 21,What is a Proper Tail Call?
Title 22,Google Hash Code
Title 23,React Suite <Divider> Prop
Title 24,Why String is popular HashMap key in Java?
Title 25,Can Run Time Complexity of a comparison-based sorting algorithm be less than N logN?
Title 26,Count unique Strings by replacing Consonant with closest Vowel and vice versa
Title 27,Find the sum of diagonals passing through given coordinates for Q query
Title 28,Removing trailing newline character from fgets() Input
Title 29,Content Improvement League 2022
Title 30,Data Structures & Algorithms- Self Paced Course
Title 31,Complete Interview Preparation
